INSERT IGNORE INTO `biblio_field_type` (`tid`, `fid`, `ftdid`, `cust_tdid`, `common`, `vtab`, `autocomplete`, `required`, `weight`, `visible`) VALUES
(1001, 1, 1, 308, 1, 1, 1, 0, 1, 1),
(1001, 2, 309, 309, 0, 1, 0, 0, 2, 0),
(1001, 3, 465, 465, 0, 1, 0, 0, 3, 0),
(1001, 4, 466, 466, 0, 1, 0, 0, 4, 0),
(1001, 5, 467, 467, 0, 1, 0, 0, 5, 0),
(1001, 6, 6, 6, 0, 2, 0, 0, 6, 0),
(1001, 7, 7, 7, 0, 8, 0, 0, 7, 0),
(1001, 8, 8, 8, 0, 4, 0, 0, 8, 0),
(1001, 9, 9, 9, 0, 4, 0, 0, 9, 0),
(1001, 10, 10, 10, 0, 4, 0, 0, 10, 0),
(1001, 11, 11, 11, 0, 4, 0, 0, 11, 0),
(1001, 12, 12, 12, 0, 9, 0, 0, 12, 0),
(1001, 13, 468, 468, 0, 3, 0, 0, 13, 1),
(1001, 14, 14, 14, 0, 3, 0, 0, 14, 0),
(1001, 15, 15, 313, 1, 2, 0, 0, -45, 1),
(1001, 16, 16, 16, 0, 2, 0, 0, 16, 0),
(1001, 17, 17, 17, 0, 2, 0, 0, 17, 0),
(1001, 18, 18, 18, 0, 2, 0, 0, 18, 0),
(1001, 19, 19, 19, 0, 2, 0, 0, 19, 0),
(1001, 20, 20, 20, 0, 2, 0, 0, 20, 0),
(1001, 21, 21, 21, 0, 2, 0, 0, 21, 0),
(1001, 22, 22, 22, 1, 1, 0, 0, 22, 1),
(1001, 23, 23, 23, 0, 9, 0, 0, 23, 0),
(1001, 24, 24, 24, 0, 6, 0, 0, 24, 0),
(1001, 25, 25, 25, 0, 2, 0, 0, 25, 0),
(1001, 26, 26, 26, 1, 5, 0, 0, 26, 1),
(1001, 27, 27, 27, 1, 7, 0, 0, 27, 1),
(1001, 28, 28, 28, 0, 2, 0, 0, 28, 0),
(1001, 29, 29, 29, 0, 7, 0, 0, 29, 0),
(1001, 30, 30, 30, 0, 9, 0, 0, 30, 0),
(1001, 31, 31, 31, 0, 9, 0, 0, 31, 0),
(1001, 32, 32, 32, 0, 9, 0, 0, 32, 0),
(1001, 33, 33, 33, 0, 9, 0, 0, 33, 0),
(1001, 34, 34, 34, 0, 9, 0, 0, 34, 0),
(1001, 35, 35, 35, 0, 9, 0, 0, 35, 0),
(1001, 36, 36, 36, 0, 9, 0, 0, 36, 0),
(1001, 37, 37, 37, 0, 2, 0, 0, 37, 0),
(1001, 38, 38, 38, 0, 8, 0, 0, 38, 0),
(1001, 39, 39, 39, 0, 8, 0, 0, 39, 0),
(1001, 40, 40, 40, 0, 8, 0, 0, 40, 0),
(1001, 41, 41, 41, 0, 8, 0, 0, 41, 0),
(1001, 42, 42, 42, 0, 2, 0, 0, 42, 0),
(1001, 43, 43, 43, 0, 2, 0, 0, 43, 0),
(1001, 44, 44, 44, 0, 4, 0, 0, 44, 0),
(1001, 45, 45, 45, 0, 9, 0, 0, 45, 0),
(1001, 46, 469, 469, 0, 9, 0, 0, 28, 1),
(1001, 47, 470, 470, 0, 5, 0, 0, 29, 1),
(1001, 48, 48, 48, 0, 9, 0, 0, 48, 0),
(1001, 49, 49, 49, 0, 9, 0, 0, 49, 0),
(1001, 50, 50, 50, 0, 9, 0, 0, 50, 0),
(1001, 51, 51, 51, 0, 9, 0, 0, 51, 0);

INSERT IGNORE INTO `biblio_types` (`tid`, `name`, `description`, `weight`, `visible`) VALUES
(1001, 'Data', '', 0, 1);

INSERT IGNORE INTO `biblio_fields` (`fid`, `name`, `type`, `size`, `maxsize`) VALUES
(1, 'biblio_authors', 'contrib_widget', 60, 255),
(2, 'biblio_secondary_authors', 'contrib_widget', 60, 255),
(3, 'biblio_tertiary_authors', 'contrib_widget', 60, 255),
(4, 'biblio_subsidiary_authors', 'contrib_widget', 60, 255),
(5, 'biblio_corp_authors', 'contrib_widget', 60, 255),
(6, 'biblio_secondary_title', 'textfield', 60, 255),
(7, 'biblio_tertiary_title', 'textfield', 60, 255),
(8, 'biblio_accession_number', 'textfield', 24, 128),
(9, 'biblio_isbn', 'textfield', 24, 128),
(10, 'biblio_call_number', 'textfield', 24, 128),
(11, 'biblio_other_number', 'textfield', 10, 128),
(12, 'biblio_other_author_affiliations', 'textfield', 60, 255),
(13, 'biblio_publisher', 'textfield', 60, 255),
(14, 'biblio_place_published', 'textfield', 60, 255),
(15, 'biblio_year', 'textfield', 4, 20),
(16, 'biblio_edition', 'textfield', 60, 255),
(17, 'biblio_volume', 'textfield', 10, 128),
(18, 'biblio_number', 'textfield', 10, 128),
(19, 'biblio_pages', 'textfield', 24, 128),
(20, 'biblio_date', 'textfield', 16, 16),
(21, 'biblio_lang', 'textfield', 24, 24),
(22, 'biblio_abst_e', 'text_format', 60, 65535),
(23, 'biblio_abst_f', 'text_format', 60, 65535),
(24, 'biblio_keywords', 'textfield', 60, 1000),
(25, 'biblio_type_of_work', 'textfield', 60, 255),
(26, 'biblio_url', 'textfield', 60, 255),
(27, 'biblio_notes', 'text_format', 60, 65535),
(28, 'biblio_issue', 'textfield', 10, 128),
(29, 'biblio_research_notes', 'text_format', 60, 65535),
(30, 'biblio_custom1', 'text_format', 60, 65535);

INSERT IGNORE INTO `biblio_field_type_data` (`ftdid`, `title`, `hint`) VALUES
(1, 'Authors', 'Contributors to this work'),
(6, 'Secondary Title', ''),
(7, 'Tertiary Title', ''),
(8, 'Accession Number', ''),
(9, 'ISBN Number', ''),
(10, 'Call Number', ''),
(11, 'Other Numbers', ''),
(12, 'Other Author Affiliations', ''),
(14, 'Place Published', 'Location (usually city name)'),
(15, 'Year of Publication', 'Enter YYYY, Submitted or In Press'),
(16, 'Edition', ''),
(17, 'Volume', 'Usually noted on the front cover or title page of the journal.'),
(18, 'Number', ''),
(19, 'Pages', 'First & last page numbers of the piece. e.g. 23-25'),
(20, 'Date Published', '(mm/yyyy)'),
(21, 'Publication Language', ''),
(22, 'Abstract', 'The citable summary of this work'),
(23, 'French Abstract', ''),
(24, 'Keywords', ''),
(25, 'Type of Work', 'Masters Thesis'),
(26, 'Related External URL', 'The URL of the online version of this work, if available. e.g. http://www.nature.com/v17/nm.2281.html'),
(27, 'Notes', 'Add an annotation for this work. Note: To display go to Control Panel > Features > scholar_publications (settings link)'),
(28, 'Issue', 'Used if the journal paginates each issue individually.'),
(29, 'Reseach Notes', ''),
(30, 'Custom 1', ''),
(31, 'Custom 2', ''),
(32, 'Custom 3', ''),
(33, 'Custom 4', ''),
(34, 'Custom 5', ''),
(35, 'Custom 6', ''),
(36, 'Custom 7', ''),
(37, 'Number of Volumes', ''),
(38, 'Short Title', ''),
(39, 'Alternate Title', ''),
(40, 'Translated Title', ''),
(41, 'Original Publication', ''),
(42, 'Reprint Edition', ''),
(43, 'Section', 'Section number'),
(44, 'Citation Key', ''),
(45, 'COinS Data', 'This will be automatically generated'),
(48, 'Author Address', ''),
(49, 'Remote Database Name', ''),
(50, 'Remote Database Provider', ''),
(51, 'Label', ''),
(309, 'Subsidiary Authors', ''),
(465, 'Tertiary Authors', ''),
(466, 'Subsidiary Authors', ''),
(467, 'Corporate Authors', ''),
(468, 'Distributor', 'Distributor of this data'),
(469, 'hdl', 'The international HANDLE.NET address (persistent URL).'),
(470, 'UNF', 'The universal numerical fingerprint for this data. See thedata.org for more information.');
